{"form": [{"box": [95, 60, 264, 82], "text": "MO GROCERY \u2122 ", "label": "vendor_name", "words": [{"text": "MO", "bbox": [97, 62, 129, 82]}, {"text": "GROCERY", "bbox": [136, 62, 239, 81]}, {"text": "\u2122", "bbox": [236, 61, 252, 80]}], "id": 0}, {"box": [150, 109, 257, 123], "text": "21IRBPS4454Q1Z6 ", "label": "vendor_gst", "words": [{"text": "21IRBPS4454Q1Z6", "bbox": [151, 110, 253, 122]}], "id": 1}, {"box": [51, 128, 308, 161], "text": "Plot no - D3 / 20 , Indira Gandhi Housing Colony Lingipur , Bhubaneshwar , Odisha - 751002 ", "label": "vendor_address", "words": [{"text": "Plot", "bbox": [52, 128, 73, 140]}, {"text": "no", "bbox": [77, 128, 90, 140]}, {"text": "-", "bbox": [93, 128, 98, 140]}, {"text": "-", "bbox": [242, 148, 246, 159]}, {"text": "D3", "bbox": [102, 128, 116, 140]}, {"text": "/", "bbox": [117, 128, 122, 140]}, {"text": "/", "bbox": [155, 169, 160, 180]}, {"text": "/", "bbox": [235, 169, 240, 180]}, {"text": "/", "bbox": [209, 207, 212, 213]}, {"text": "/", "bbox": [230, 207, 233, 213]}, {"text": "/", "bbox": [243, 207, 246, 213]}, {"text": "20", "bbox": [122, 128, 135, 140]}, {"text": "20", "bbox": [216, 225, 226, 231]}, {"text": ",", "bbox": [136, 128, 139, 140]}, {"text": ",", "bbox": [107, 148, 110, 159]}, {"text": ",", "bbox": [195, 148, 197, 159]}, {"text": "Indira", "bbox": [143, 128, 174, 140]}, {"text": "Gandhi", "bbox": [180, 128, 216, 140]}, {"text": "Housing", "bbox": [223, 128, 264, 140]}, {"text": "Colony", "bbox": [269, 128, 306, 140]}, {"text": "Lingipur", "bbox": [66, 148, 108, 160]}, {"text": ",", "bbox": [136, 128, 139, 140]}, {"text": ",", "bbox": [107, 148, 110, 159]}, {"text": ",", "bbox": [195, 148, 197, 159]}, {"text": "Bhubaneshwar", "bbox": [115, 148, 195, 159]}, {"text": ",", "bbox": [136, 128, 139, 140]}, {"text": ",", "bbox": [107, 148, 110, 159]}, {"text": ",", "bbox": [195, 148, 197, 159]}, {"text": "Odisha", "bbox": [203, 148, 238, 159]}, {"text": "-", "bbox": [93, 128, 98, 140]}, {"text": "-", "bbox": [242, 148, 246, 159]}, {"text": "751002", "bbox": [252, 148, 292, 159]}], "id": 2}, {"box": [71, 168, 313, 181], "text": "0674-2914169 / 9861999321 / 9881882449 ", "label": "vendor_phone_number", "words": [{"text": "0674-2914169", "bbox": [73, 169, 150, 180]}, {"text": "/", "bbox": [117, 128, 122, 140]}, {"text": "/", "bbox": [155, 169, 160, 180]}, {"text": "/", "bbox": [235, 169, 240, 180]}, {"text": "/", "bbox": [209, 207, 212, 213]}, {"text": "/", "bbox": [230, 207, 233, 213]}, {"text": "/", "bbox": [243, 207, 246, 213]}, {"text": "9861999321", "bbox": [164, 169, 230, 180]}, {"text": "/", "bbox": [117, 128, 122, 140]}, {"text": "/", "bbox": [155, 169, 160, 180]}, {"text": "/", "bbox": [235, 169, 240, 180]}, {"text": "/", "bbox": [209, 207, 212, 213]}, {"text": "/", "bbox": [230, 207, 233, 213]}, {"text": "/", "bbox": [243, 207, 246, 213]}, {"text": "9881882449", "bbox": [244, 169, 311, 180]}], "id": 3}, {"box": [200, 204, 269, 216], "text": "SI / AA1 / K1 / 2813 ", "label": "receipt_number", "words": [{"text": "SI", "bbox": [202, 207, 209, 213]}, {"text": "/", "bbox": [117, 128, 122, 140]}, {"text": "/", "bbox": [155, 169, 160, 180]}, {"text": "/", "bbox": [235, 169, 240, 180]}, {"text": "/", "bbox": [209, 207, 212, 213]}, {"text": "/", "bbox": [230, 207, 233, 213]}, {"text": "/", "bbox": [243, 207, 246, 213]}, {"text": "AA1", "bbox": [212, 207, 230, 213]}, {"text": "/", "bbox": [117, 128, 122, 140]}, {"text": "/", "bbox": [155, 169, 160, 180]}, {"text": "/", "bbox": [235, 169, 240, 180]}, {"text": "/", "bbox": [209, 207, 212, 213]}, {"text": "/", "bbox": [230, 207, 233, 213]}, {"text": "/", "bbox": [243, 207, 246, 213]}, {"text": "K1", "bbox": [233, 207, 242, 213]}, {"text": "/", "bbox": [117, 128, 122, 140]}, {"text": "/", "bbox": [155, 169, 160, 180]}, {"text": "/", "bbox": [235, 169, 240, 180]}, {"text": "/", "bbox": [209, 207, 212, 213]}, {"text": "/", "bbox": [230, 207, 233, 213]}, {"text": "/", "bbox": [243, 207, 246, 213]}, {"text": "2813", "bbox": [247, 207, 267, 213]}], "id": 4}, {"box": [179, 223, 252, 234], "text": "Sun Mar 20 2022 ", "label": "transaction_date", "words": [{"text": "Sun", "bbox": [180, 225, 195, 231]}, {"text": "Mar", "bbox": [198, 225, 213, 231]}, {"text": "20", "bbox": [122, 128, 135, 140]}, {"text": "20", "bbox": [216, 225, 226, 231]}, {"text": "2022", "bbox": [229, 225, 250, 231]}], "id": 5}, {"box": [253, 222, 292, 234], "text": "10:02:24 ", "label": "transaction_time", "words": [{"text": "10:02:24", "bbox": [254, 225, 289, 231]}], "id": 6}, {"box": [207, 250, 263, 258], "text": "9861222126 ", "label": "customer_phone_number", "words": [{"text": "9861222126", "bbox": [208, 250, 261, 257]}], "id": 7}, {"box": [259, 399, 278, 410], "text": "181 ", "label": "total_amount", "words": [{"text": "181", "bbox": [260, 402, 274, 407]}], "id": 8}, {"box": [211, 453, 245, 466], "text": "14.25 ", "label": "savings", "words": [{"text": "14.25", "bbox": [212, 454, 244, 465]}], "id": 9}]}