{"form": [{"box": [135, 36, 263, 49], "text": "FEMINA FASHION ", "label": "vendor_name", "words": [{"text": "FEMINA", "bbox": [136, 38, 191, 49]}, {"text": "FASHION", "bbox": [197, 38, 262, 49]}], "id": 0}, {"box": [108, 53, 307, 81], "text": "PLOT NO - 202 / 1074 , SUNDARPADA NEAR CHAMPTY PETROL PUMP ", "label": "vendor_address", "words": [{"text": "PLOT", "bbox": [109, 54, 136, 63]}, {"text": "NO", "bbox": [144, 54, 158, 63]}, {"text": "-", "bbox": [158, 54, 163, 63]}, {"text": "-", "bbox": [174, 143, 176, 152]}, {"text": "202", "bbox": [165, 54, 184, 63]}, {"text": "/", "bbox": [186, 54, 191, 63]}, {"text": "/", "bbox": [201, 143, 205, 152]}, {"text": "1074", "bbox": [194, 54, 219, 63]}, {"text": ",", "bbox": [222, 54, 224, 63]}, {"text": "SUNDARPADA", "bbox": [236, 54, 306, 63]}, {"text": "NEAR", "bbox": [123, 71, 151, 79]}, {"text": "CHAMPTY", "bbox": [159, 71, 206, 79]}, {"text": "PETROL", "bbox": [214, 71, 255, 79]}, {"text": "PUMP", "bbox": [264, 71, 290, 79]}], "id": 1}, {"box": [180, 87, 250, 98], "text": "9861340864 ", "label": "vendor_phone_number", "words": [{"text": "9861340864", "bbox": [180, 89, 249, 96]}], "id": 2}, {"box": [172, 105, 291, 118], "text": "21BSCPP9954M1Z6 ", "label": "vendor_gst", "words": [{"text": "21BSCPP9954M1Z6", "bbox": [173, 107, 288, 116]}], "id": 3}, {"box": [242, 422, 283, 434], "text": "272.00 ", "label": "total_amount", "words": [{"text": "272.00", "bbox": [243, 424, 281, 433]}], "id": 4}, {"box": [260, 386, 301, 399], "text": "340.00 ", "label": "sub_total_amount", "words": [{"text": "340.00", "bbox": [261, 388, 298, 397]}], "id": 5}, {"box": [234, 351, 259, 362], "text": "6.48 ", "label": "cgst_amount", "words": [{"text": "6.48", "bbox": [234, 353, 258, 361]}, {"text": "6.48", "bbox": [300, 353, 322, 361]}], "id": 6}, {"box": [299, 350, 324, 363], "text": "6.48 ", "label": "sgst_amount", "words": [{"text": "6.48", "bbox": [234, 353, 258, 361]}, {"text": "6.48", "bbox": [300, 353, 322, 361]}], "id": 7}, {"box": [161, 141, 246, 153], "text": "FF - 0168 / 2022-23 ", "label": "receipt_number", "words": [{"text": "FF", "bbox": [163, 143, 174, 152]}, {"text": "-", "bbox": [158, 54, 163, 63]}, {"text": "-", "bbox": [174, 143, 176, 152]}, {"text": "0168", "bbox": [177, 143, 200, 152]}, {"text": "/", "bbox": [186, 54, 191, 63]}, {"text": "/", "bbox": [201, 143, 205, 152]}, {"text": "2022-23", "bbox": [205, 143, 245, 152]}], "id": 8}, {"box": [267, 142, 324, 152], "text": "09-04-2022 ", "label": "transaction_date", "words": [{"text": "09-04-2022", "bbox": [268, 144, 321, 152]}], "id": 9}, {"box": [255, 403, 289, 418], "text": "68.00 ", "label": "savings", "words": [{"text": "68.00", "bbox": [255, 405, 286, 414]}], "id": 10}]}