{"form": [{"box": [71, 87, 260, 108], "text": "STYLE SHOES ", "label": "vendor_name", "words": [{"text": "STYLE", "bbox": [72, 88, 155, 107]}, {"text": "SHOES", "bbox": [175, 88, 258, 107]}], "id": 0}, {"box": [103, 112, 222, 132], "text": "41 / A , Ashok Nagar Bhubaneswar . ", "label": "vendor_address", "words": [{"text": "41", "bbox": [103, 113, 115, 122]}, {"text": "/", "bbox": [117, 113, 122, 122]}, {"text": "A", "bbox": [124, 113, 131, 122]}, {"text": ",", "bbox": [133, 113, 135, 122]}, {"text": "Ashok", "bbox": [145, 113, 179, 122]}, {"text": "Nagar", "bbox": [187, 113, 221, 123]}, {"text": "Bhubaneswar", "bbox": [121, 123, 196, 132]}, {"text": ".", "bbox": [199, 124, 202, 131]}], "id": 1}, {"box": [134, 133, 220, 144], "text": "0674-2534786 ", "label": "vendor_phone_number", "words": [{"text": "0674-2534786", "bbox": [135, 134, 217, 142]}], "id": 2}, {"box": [234, 291, 291, 304], "text": "699.00 ", "label": "total_amount", "words": [{"text": "699.00", "bbox": [234, 292, 290, 303]}], "id": 3}, {"box": [197, 175, 254, 185], "text": "", "label": "transaction_date", "words": [], "id": 4}, {"box": [259, 174, 294, 186], "text": "21:58 ", "label": "transaction_time", "words": [{"text": "21:58", "bbox": [259, 175, 290, 183]}], "id": 5}, {"box": [174, 362, 200, 371], "text": "37.45 ", "label": "cgst_amount", "words": [{"text": "37.45", "bbox": [175, 364, 197, 369]}, {"text": "37.45", "bbox": [220, 365, 242, 369]}], "id": 6}, {"box": [218, 362, 244, 371], "text": "37.45 ", "label": "sgst_amount", "words": [{"text": "37.45", "bbox": [175, 364, 197, 369]}, {"text": "37.45", "bbox": [220, 365, 242, 369]}], "id": 7}, {"box": [41, 154, 147, 164], "text": "21ABEPB11090123 ", "label": "vendor_gst", "words": [{"text": "21ABEPB11090123", "bbox": [42, 156, 144, 163]}], "id": 8}, {"box": [137, 175, 159, 186], "text": "355 ", "label": "receipt_number", "words": [{"text": "355", "bbox": [137, 175, 156, 183]}], "id": 9}]}