{"form": [{"box": [95, 59, 265, 82], "text": "MO GROCERY \u2122 ", "label": "vendor_name", "words": [{"text": "MO", "bbox": [97, 62, 129, 82]}, {"text": "GROCERY", "bbox": [136, 62, 239, 81]}, {"text": "\u2122", "bbox": [236, 61, 252, 80]}], "id": 0}, {"box": [150, 109, 257, 122], "text": "21IRBPS4454Q1Z6 ", "label": "vendor_gst", "words": [{"text": "21IRBPS4454Q1Z6", "bbox": [151, 110, 253, 122]}], "id": 1}, {"box": [51, 127, 308, 161], "text": "Plot no - D3 / 20 , Indira Gandhi Housing Colony Lingipur , Bhubaneshwar , Odisha - 751002 ", "label": "vendor_address", "words": [{"text": "Plot", "bbox": [52, 128, 73, 140]}, {"text": "no", "bbox": [77, 128, 90, 140]}, {"text": "-", "bbox": [93, 128, 98, 140]}, {"text": "-", "bbox": [243, 149, 247, 160]}, {"text": "D3", "bbox": [102, 128, 116, 140]}, {"text": "/", "bbox": [117, 128, 122, 140]}, {"text": "/", "bbox": [155, 169, 160, 180]}, {"text": "/", "bbox": [234, 169, 239, 180]}, {"text": "/", "bbox": [192, 207, 195, 213]}, {"text": "/", "bbox": [230, 207, 233, 213]}, {"text": "/", "bbox": [251, 207, 254, 213]}, {"text": "/", "bbox": [264, 207, 267, 213]}, {"text": "20", "bbox": [122, 128, 135, 140]}, {"text": ",", "bbox": [136, 128, 139, 140]}, {"text": ",", "bbox": [109, 149, 112, 160]}, {"text": ",", "bbox": [195, 149, 197, 160]}, {"text": "Indira", "bbox": [143, 128, 174, 140]}, {"text": "Gandhi", "bbox": [180, 128, 216, 140]}, {"text": "Housing", "bbox": [223, 128, 264, 140]}, {"text": "Colony", "bbox": [269, 128, 306, 140]}, {"text": "Lingipur", "bbox": [66, 149, 109, 160]}, {"text": ",", "bbox": [136, 128, 139, 140]}, {"text": ",", "bbox": [109, 149, 112, 160]}, {"text": ",", "bbox": [195, 149, 197, 160]}, {"text": "Bhubaneshwar", "bbox": [116, 149, 195, 160]}, {"text": ",", "bbox": [136, 128, 139, 140]}, {"text": ",", "bbox": [109, 149, 112, 160]}, {"text": ",", "bbox": [195, 149, 197, 160]}, {"text": "Odisha", "bbox": [203, 149, 238, 160]}, {"text": "-", "bbox": [93, 128, 98, 140]}, {"text": "-", "bbox": [243, 149, 247, 160]}, {"text": "751002", "bbox": [252, 149, 292, 160]}], "id": 2}, {"box": [72, 168, 312, 181], "text": "0674-2914169 / 9861999321 / 9881882449 ", "label": "vendor_phone_number", "words": [{"text": "0674-2914169", "bbox": [72, 169, 151, 180]}, {"text": "/", "bbox": [117, 128, 122, 140]}, {"text": "/", "bbox": [155, 169, 160, 180]}, {"text": "/", "bbox": [234, 169, 239, 180]}, {"text": "/", "bbox": [192, 207, 195, 213]}, {"text": "/", "bbox": [230, 207, 233, 213]}, {"text": "/", "bbox": [251, 207, 254, 213]}, {"text": "/", "bbox": [264, 207, 267, 213]}, {"text": "9861999321", "bbox": [164, 169, 229, 180]}, {"text": "/", "bbox": [117, 128, 122, 140]}, {"text": "/", "bbox": [155, 169, 160, 180]}, {"text": "/", "bbox": [234, 169, 239, 180]}, {"text": "/", "bbox": [192, 207, 195, 213]}, {"text": "/", "bbox": [230, 207, 233, 213]}, {"text": "/", "bbox": [251, 207, 254, 213]}, {"text": "/", "bbox": [264, 207, 267, 213]}, {"text": "9881882449", "bbox": [244, 169, 312, 180]}], "id": 3}, {"box": [182, 204, 285, 215], "text": "SI / 2022-23 / AA1 / K2 / 113 ", "label": "receipt_number", "words": [{"text": "SI", "bbox": [185, 207, 192, 213]}, {"text": "/", "bbox": [117, 128, 122, 140]}, {"text": "/", "bbox": [155, 169, 160, 180]}, {"text": "/", "bbox": [234, 169, 239, 180]}, {"text": "/", "bbox": [192, 207, 195, 213]}, {"text": "/", "bbox": [230, 207, 233, 213]}, {"text": "/", "bbox": [251, 207, 254, 213]}, {"text": "/", "bbox": [264, 207, 267, 213]}, {"text": "2022-23", "bbox": [195, 207, 231, 213]}, {"text": "/", "bbox": [117, 128, 122, 140]}, {"text": "/", "bbox": [155, 169, 160, 180]}, {"text": "/", "bbox": [234, 169, 239, 180]}, {"text": "/", "bbox": [192, 207, 195, 213]}, {"text": "/", "bbox": [230, 207, 233, 213]}, {"text": "/", "bbox": [251, 207, 254, 213]}, {"text": "/", "bbox": [264, 207, 267, 213]}, {"text": "AA1", "bbox": [234, 207, 250, 213]}, {"text": "/", "bbox": [117, 128, 122, 140]}, {"text": "/", "bbox": [155, 169, 160, 180]}, {"text": "/", "bbox": [234, 169, 239, 180]}, {"text": "/", "bbox": [192, 207, 195, 213]}, {"text": "/", "bbox": [230, 207, 233, 213]}, {"text": "/", "bbox": [251, 207, 254, 213]}, {"text": "/", "bbox": [264, 207, 267, 213]}, {"text": "K2", "bbox": [253, 207, 265, 213]}, {"text": "/", "bbox": [117, 128, 122, 140]}, {"text": "/", "bbox": [155, 169, 160, 180]}, {"text": "/", "bbox": [234, 169, 239, 180]}, {"text": "/", "bbox": [192, 207, 195, 213]}, {"text": "/", "bbox": [230, 207, 233, 213]}, {"text": "/", "bbox": [251, 207, 254, 213]}, {"text": "/", "bbox": [264, 207, 267, 213]}, {"text": "113", "bbox": [268, 207, 283, 213]}], "id": 4}, {"box": [177, 223, 251, 233], "text": "Mon Apr 25 2022 ", "label": "transaction_date", "words": [{"text": "Mon", "bbox": [179, 223, 196, 233]}, {"text": "Apr", "bbox": [198, 223, 214, 232]}, {"text": "25", "bbox": [216, 223, 225, 232]}, {"text": "2022", "bbox": [229, 223, 248, 232]}], "id": 5}, {"box": [253, 223, 291, 234], "text": "19:53:20 ", "label": "transaction_time", "words": [{"text": "19:53:20", "bbox": [253, 222, 287, 232]}], "id": 6}, {"box": [265, 355, 280, 367], "text": "40 ", "label": "total_amount", "words": [{"text": "40", "bbox": [267, 359, 275, 365]}], "id": 7}, {"box": [206, 249, 264, 259], "text": "9338065208 ", "label": "customer_phone_number", "words": [{"text": "9338065208", "bbox": [207, 250, 259, 257]}], "id": 8}]}