{"form": [{"box": [104, 35, 247, 50], "text": "SAI ADHAR FRESH ", "label": "vendor_name", "words": [{"text": "SAI", "bbox": [105, 38, 130, 50]}, {"text": "ADHAR", "bbox": [134, 38, 188, 50]}, {"text": "FRESH", "bbox": [194, 38, 244, 50]}], "id": 0}, {"box": [35, 52, 182, 78], "text": "VSS NAGAR BHUBANESWAR PIN - 751010 ", "label": "vendor_address", "words": [{"text": "VSS", "bbox": [36, 52, 56, 64]}, {"text": "NAGAR", "bbox": [60, 52, 96, 64]}, {"text": "BHUBANESWAR", "bbox": [100, 52, 181, 66]}, {"text": "PIN", "bbox": [37, 67, 53, 77]}, {"text": "-", "bbox": [54, 67, 57, 76]}, {"text": "-", "bbox": [169, 133, 172, 142]}, {"text": "751010", "bbox": [59, 67, 97, 76]}], "id": 1}, {"box": [72, 81, 174, 90], "text": "", "label": "vendor_gst", "words": [], "id": 2}, {"box": [71, 93, 206, 103], "text": "/ 9040346416 ", "label": "vendor_phone_number", "words": [{"text": "/", "bbox": [135, 93, 140, 105]}, {"text": "9040346416", "bbox": [140, 92, 203, 104]}], "id": 3}, {"box": [149, 131, 233, 144], "text": "INV - 7252-22-23 ", "label": "receipt_number", "words": [{"text": "INV", "bbox": [149, 133, 168, 142]}, {"text": "-", "bbox": [54, 67, 57, 76]}, {"text": "-", "bbox": [169, 133, 172, 142]}, {"text": "7252-22-23", "bbox": [173, 133, 233, 142]}], "id": 4}, {"box": [150, 147, 213, 159], "text": "02/05/2022 ", "label": "transaction_date", "words": [{"text": "02/05/2022", "bbox": [151, 148, 212, 159]}], "id": 5}, {"box": [218, 147, 287, 158], "text": "05:58:24 PM ", "label": "transaction_time", "words": [{"text": "05:58:24", "bbox": [219, 148, 266, 159]}, {"text": "PM", "bbox": [270, 148, 284, 159]}], "id": 6}, {"box": [275, 391, 311, 402], "text": "20.00 ", "label": "total_amount", "words": [{"text": "20.00", "bbox": [278, 363, 307, 371]}, {"text": "20.00", "bbox": [277, 393, 307, 401]}], "id": 7}, {"box": [142, 512, 167, 525], "text": "1.53 ", "label": "sgst_amount", "words": [{"text": "1.53", "bbox": [143, 514, 164, 524]}, {"text": "1.53", "bbox": [193, 514, 215, 525]}], "id": 8}, {"box": [192, 511, 217, 525], "text": "1.53 ", "label": "cgst_amount", "words": [{"text": "1.53", "bbox": [143, 514, 164, 524]}, {"text": "1.53", "bbox": [193, 514, 215, 525]}], "id": 9}, {"box": [100, 360, 110, 373], "text": "2 ", "label": "total_items_number", "words": [{"text": "2", "bbox": [100, 362, 106, 371]}], "id": 10}, {"box": [109, 178, 175, 188], "text": "1234567890 ", "label": "customer_phone_number", "words": [{"text": "1234567890", "bbox": [110, 179, 174, 189]}], "id": 11}, {"box": [277, 360, 309, 373], "text": "20.00 ", "label": "sub_total_amount", "words": [{"text": "20.00", "bbox": [278, 363, 307, 371]}, {"text": "20.00", "bbox": [277, 393, 307, 401]}], "id": 12}, {"box": [214, 467, 242, 479], "text": "0.00 ", "label": "savings", "words": [{"text": "0.00", "bbox": [216, 469, 239, 477]}, {"text": "0.00", "bbox": [239, 515, 262, 523]}], "id": 13}, {"box": [238, 512, 263, 525], "text": "0.00 ", "label": "cess_amount", "words": [{"text": "0.00", "bbox": [216, 469, 239, 477]}, {"text": "0.00", "bbox": [239, 515, 262, 523]}], "id": 14}]}